phrase1,phrase2
stood quick stop splash fought branch,bet right tent open
come hill,luster say
could smell clothes flap smoke blowing across branch,get quarter boy
jason say,go show tonight
dont say,could seethe branch smoke blowing
one thc side begin bright fast smooth like caddy say go sleep,look branch
saw eye begin cry,luster get squat water look hill bush
mother say,bet last night
caddy say,mother say
jason say,mother say clutch
jason say,mother say
kill pig,get business tend
dont talk show,wash branch
sat roll overall,caddy say
cold hold today,dont know way go
help look,vine dry wind rattle
go around barn,dont find cant go show tonight
white folk give nigger money know first white man come along band go get back nigger go work,mr patterson climbed fence
nt cold ride fancy,luster say
mother say,stop chop look
aint talk biggity,get man play tune saw
think surprise mother father mr patterson mr patterson sent candy,turn u
time get tub tire lift hand nothing,begin turn
take letter pocket put mine,could hear qucenie foot bright shape go smooth steady side shadow flow across queenie back
mr patterson look window,idiot mr patterson say told never send alone
go barn,would nt know quarter see would
roof fall,saw eye ran hill
go cemetery,afraid try turn around
dont know want,sat bank wash smoke blowing blue
feel safer would,side go smooth steady little slow
luster say,hum queenie
versh wont tell,heard something hit tree yonder
hum queenie,know wont come
luster say,mother say
drive tp,aint sight yet
jason say,luster say
luster say,nt boy see hear
get turn around,one side stop tall white post soldier
aint study quarter,mother say
start bellering,get get place
broke top water held piece face,luster say
go way let white folk go,luster get branch play
dont see uncle maury nt send versh,stop mother
luster say,enough nigger without
climbed fence letter hand go brown rattle flower,cant even tell mother father
come branch,give letter
know think,keep hand pocket good
remember mr patterson sent candy last summer,luster say
aint nobody go make go show,hall come
dont want hand froze christmas,jason say
johnson say eddy wake another bottle mr,still feel pull johnson say
hook chase,felt drag
well say frankie might well cold one,everything menu dime except soup nickel
old eddy come back astern,fish like could get line fault
new pane glass window shot showcase fix,saw plane go fivethirty feel good get plenty worried
fine fish right,damn go home broke starve summer town
told nigger head morro,johnson bought three bottle tropical left
sloppy way fish,still figure late probably get till around noon
much drinking,saw frankie come door one behind
eddy show night day knew would around sooner later soon credit ran,bottle hatuey beer brought quarter
give list spent deduct grub left,could see hook go thirty foot air threw
know well,go plane say
yellow stuff thought,saw splash like depth bomb sword eye open lowerjaw huge purpleblack head black marlin
charge line,yellow stuff
guess enough today say,listen mr
go keep quarter make turn,anywhere get country
well mr,bet go thousand pound
johnson eddy say,come smash water white could see hooked side mouth
stripe show clear,put feather squid caught four little tuna nigger put one hook bait
johnson eddy say,johnson say rummy
want make difficulty johnson say finally,left word dock tell go board wait say come
cut engine go back stern,come board forty cent left
clearance paid come,keep light drag
coffee ask,look slack unless knew pull belly line water
four clock come back close shore stream go like mill race u sun back big black marlin ever saw life hit johnson bait,frankie felt bad
go told,well hooked another one around noon jumped
line hold,solid purpleblack eye big soup bowl
frankie much politics,think johnson fish fifteen day finally hook fish fisherman would give year tie loses loses heavy tackle make fool sits perfectly content drinking rummy
six clock sent frankie hotel see johnson,hell even enough money put gas
tip told spanish,much oblige beer sir eddy
nigger asks show coin,never saw fellow loyal well heart
sixteen today day way make eighteen,johnson right
keep drag light,want settle mr
like see hold rod way hat crab time,know since first start run
still thought might time might hotel feel bad get,finish meal sat back smoke cigarette worried head
still fishing,use boat chase take make run
fine fish bright silver bar purple big around log,well right say
line slack,seem dumb usually smile instead talk deaf
look stand tall hollowcheeked mouth loose white stuff corner eye hair fade sun,go johnson say
big friend,tell mr
harness would take along,kept wait wait late
johnson eddy say,yell johnson let line could say word saw johnson rise air chair though derricked hold second onto rod rod bending like bow butt caught belly whole work go overboard
consulate close,forty cent anyhow plane miami
much business,one rummy tell square
go bank morning johnson say,know seem like lot money lot money bought tackle
pretty good mr,pull line
johnson say guess well finish nap,one table play domino already
usually pay broker advance enters clear,get carry something frankie say
right mr,take one box drank
knew woke dead drink,whole top fin water look high fullrigged ship whole scythe tail smash tuna
intention drinking urine eat candle kitty litter,nothing seem worth bother
begin write wall lipstick,lucky zuckerman
since actually zuckerman even suppose kentucky allocate destruction korea might wind yet give clark trouble invariably saw fit suppress indignation proceed mess hall dinner post library continue read way bloomsbury group time every hour another look day bawdy letter teenage debauchee able bring relinquish quite yet,suppose become sudden al zipper king shadley
say want touch,pronounce g length aspirate h would whale conversation ever turn melville
lydia child like lydia adult scream reach sink teeth neck,watch run meet chicago become would positively recoil even distance prospect hold body idea voluntarily make mine
thin austere humorless person always meticulous white shirt tie communicate love precise colorless fashion make ache tenderness especially bedridden one live selfexile thousand mile bed,love father warn look trouble would find surprise would
clothing dealer try dispose overcoat cut last year style marked original price thirty dollar twentyfour,oh love lydia told
fake refuse participate mother expire long last lydia grief relief delight guilt take form torpor,especially notice pretend eat breakfast
instead afternoon depart link air base captain clark would tune game drive cotton golf ball office direction cubicle occupy clerktypist manqué,quite yet
sunday funeral ketterer come take monica away day found child chair dress ready go wall apartment cover question print big block letter lipstick,know anything anything
married corpse lower coverall ankle married corpse,suddenly need overcoat
something first make lydia believe run away north pole though simultaneously convince lurk neighborhood ready crush skull rock tell little friend dring disappear,marriage flourish nonetheless
simply inconceivable time act associate wholly great work classical drama could actually take place without messenger chorus oracle chicago milkman bloomfield farm coverall sleepy little blueeyed daughter go school,moreover want hurt father
behavior continued exceed understand seem pathetically transparent,knew come call reason
thing happen meant course warfare thing happen happen every day,simple say lydia
start tell miss benson pointless interminable anecdote highschool friend,oh change
jorgenson show work morning truck found abandon later day forest preserve,lydia jorgenson ketterer imagine hell
story incest lydia told simple enough simple stagger,use plague question
another story one whose luridness make smalltime southern jewbaiter loft cotton golf ball toward nose make even seventeenyearold sharon shatzky perform gourd like pigalle whore exhibition seem much part idyllic innocent youth afternoon spent sip tea eat watercress caroline benson garden,could sister mine rehearse hour end living room sing song song norway student prince wish norwegian nobility sister take voice dr
nostalgia childhood illness none,get joke would sigh roll eye toward heaven though subtlety par father h l mencken bass college
short time ship providential last big dose turn beginner rural american southland instead korean slaughter adversity catch young conquistador,inept assistant continuously fear error classification sent zuckerman fort campbell instead bloody demise mud behind brothel seoul request replacement personnel
course contrast background familial devotion solidarity overwhelm whereas lydia remember thousand one night rub sloan liniment mother back could remember single hour childhood mother incapable perform rite office,instead imagine sonia zuckerman ruggieri purgatorio
seem day issue mi rifle found need everyone,zuckerman best look unperturbed golf ball glance shirt
bear lose little punch bag,zuckerman could type index finger knew nothing filing make form fortunately captain charge supply room assign pleased jew around know willing make inept assistant
hear story lurid past,john sr
zuckerman left supply room end day bound office adjutant general intend bring charge captain clark knew held secret membership kkk,remember actually relief sister first husband get caught fist till uncle heatingoil firm sonia become focus concern
shatzky cry sorrowfully zuckerman past tense shitzky,good riddance one would think
haberdasher finally sell overcoat,change clothes make bed wash dish open eat something invariably discover eat cat tin food
father flee lydia take raise home two spinster aunt skokie ran ketterer age eighteen mother share room rear whose hero aviator lindbergh senator bilbo cleric coughlin patriot gerald l k smith,time brotherinlaw get caught fall knee begs sunny forgiveness gesture seem go long way father kiss shoe would say closing eye disgust actually kiss shoe though sign love anything four handsome wavyhaired child last saw donna louis john jr marie name unkindest cut
oh nathan touch cunt touch cunt make believe,tremble tear
excellent memory quickness figure consider local savant neighborhood hardworking firstgeneration jew man frequently consult people trouble,miss prick much
bad enemy say hope zuckerman could provoke wellmeaning father ask remember take vitamin capsule mother see cold make feverish guise give forehead linger kiss dinner table,sheer ugliness name
next day mother whistle gershwin launder father shirt would daydream bed clothing dealer lumberjack,story zuckerman suffer call approach far serious seem appropriate tale easeful salad day
whose editorial shortcoming administration student body miss benson liken savage wit jonathan swift,mother use laugh make crack lady around secret dream mink coat miami beach vacation
afraid scream would awaken mother,upon time lydia like begin story early winter morning set fetch delivery truck father come room lay beside bed dress work
zipper king awful way bad,thing also happen every day
severity duration sheer painfulness would like nothing know home school service would like anything imagine contemplate harrow soulful face virginia woolf write honor paper undercurrent agony novel,father bookkeeper
zuckerbird postman call impressive,sickly feverish patient felt something like mystification though kind talk electrical toy come play promptly even six
die help could prevent,mother bedridden since lydia birth victim would seem nothing lumbago perpetually weak unto die
like felt sorry,would say disparagingly silly neighbor beall endall put silver fox go gallivant hoi polloi get college misuse word learn mother take mean hoi polloi sound like another disdainful expression people put air hoitytoity refer mass
build swim pool brings enough week able spend hundred dollar new york call girl without feel thing financially speak,sister first husband wife take life would seem suggest something common upbringing
father though sunny indestructibility constitutionally much solemn person peppy peasant mother less equal hardship family endure specifically depression ailment old sister soma inexplicable marriage twice son sicilian first embezzler end suicide second honest business otherwise common dirt yiddish word alone seem carry weight heartbreak contempt prust,think intelligent right
strong character big bankroll evidence one worth,take art museum alone one empty room expose
much class struggle burning issue house social resentment ambitiousness motive action,thought biting adam apple occur afraid scream would awaken mother need sleep
right nathan sell price last markdown consistent others make chain lumberjack six section chain consist four link,contrary though pretty enough womansquare strong nordic head resolute blue eye thought admiringly wintry straight wheatcolored hair worn bang handsome smile appeal openhearted short heavylegged body struck nearly dwarfish proportion first last unremittingly distasteful
indeed ever indispose seem even interfere famous whistle continuous medley show tune chirped melodiously away day housework family chore,especially girl
year grown woman even go loop christmastime would wonder might one santa clause stand outside department store ring little bell shopper,casebook fantasy retribution
second man nearly destroy first lydia father seduce twelve,want whore whisper without prompt back terrace mother told mother adorable sharon look winter coat bought afternoon
coarse childish ignorant utterly lack exquisiteness feel refinement spirit come admire virginia woolf whose photograph tacked desk last semester bass,come trademark father told know nationwide
invite fancy ball,man bought realize cut last year style
take letter,worry say
nigger money good white folk reckon,listen mr
mean cold,go say johnson
mother say clutch,day turn three thousand dollar land three alien key
mr patterson come across garden run,johnson say unlucky
found ball yet,owe two hundred ninetyfive dollar rod reel line told johnson
want get head knock one ball,sure say
find white folk pocket aint look,nigger never thought much u
found yet,bought frankie couple cunard bar come board feel pretty good
mother say,plenty scar
get queenie,right go
uncle maury go surprise mr patterson,never knew
go take reckon,town flood nobody buy
caddy say,swallow bait pull stomach come top die
think want go yonder knock hall,make run say
slant hole full spin yellow,give line hook like break
ought water,big johnson say
back minute,three u sat stern drank highball together
help look,bank open threethirty
hunt branch,hooked good
see anything quarter,butt one leg rod across lap
aint thought reckon,line come taut saw head inshore could see turn
mr patterson come fast hoc,get plenty worried owe eight hundred twentyfive dollar
fell hole pocket,matter say
luster say,hell told
go hill,sit hold onto belly rod butt hit
keep hand pocket,next day work around morning change oil base one thing another
christmas present,maybe lucky woman
caddy say,lose five hundred thirty dollar charter tackle replace three hundred fifty
go like bright top wheel,know perfume couple fan three high comb
try worry dilsey,johnson take harness reel could put rod across knee arm get tire hold position time
hand pocket pencil behind ear,noon go uptown ate chink place get good meal forty cent bought thing take home wife three girl
bout lose,hang around water front odd job pretty deaf drink much every night
come cant behave like folk,fish still jumping go jumping sight
come back see,fish broke fault would something else
father quentin cant hurt,hit nail head
mr patterson come door open stood,sudden see rod jerk line go slack
luster say,wheel work edge stream opposite old cement factory make deep close shore make sort eddy always lot bait
aint get nothing,twice come stiff post whole length jumping straight toward u throw water high time land
play like banjo,johnson unlucky
get find one,gang hang around dock would pleased thought
hunt water along bank,eddy good man boat get rummy good
caddy say,go shook hand clapped back
aint get spot pony ride luster say,see cap
right hole pocket,johnson say go tonight go back laid
go branch,certainly would make conch happy
cant turn,finish stop donovan beer talk old man walk back san francisco dock stop three four place beer way
aint sham,walk far frankie go go
whoa queenie,wheel kept yell johnson keep drag light reel fast
luster say,say anything sat eddy one chair bottle beer johnson another
one morning,heard solicitous need doctor lydia need doctor real bad call city ambulance
try climb fence,elegant surely coarse
want get damn looney bawling middle square,always tell ought knee save houseful old biddy ought worship take somebody practically orphan give nice home baby money spend go art museum
aint study show,enter army feverish daredevil month together secretly relieve left behind seemingly found al minna fivefoot nineinch baby girl tantalize slave extraordinary lay hardly soul mate someone felt great writer great book
last night,ever mother father responsible foolishness child mine
aint yet,narrate fidelity misfortune zuckerman twenty would require deeper dredge darker sense irony grave pensive voice replace amuse olympian point maybe story require neither gravity complexity another author someone would see simple fivethousandword comedy well may
played branch,rarely conversation sharon finish sentence rather zuckerman disgust glue word together gummy mixture know mean expression enthusiasm really great really terrific really neat last usually describe gang kid travel atlantic city fifteen sure summer last
luster say,oh christ mad
jason say,doubt expect would hold know billy guess want rod give weight might found still breathing heap floor parent come back shopping
lose somewhere,rod turn strong billy thought strangle death
luster say plenty one come ftom,dignity understand nothing one social station character conduct everything
must hurry back,one reason hat ugly name refuse anything
look chillen play branch get look something,yes next decade life learn father might wish dale carnegie teach humility
reckon found anywhere time start bellering,want father name either joke outright lie want real name warn day old enough would hire lawyer go county courthouse get one
go last night,cousin cindy cindy shadley cousin ruthie ruthie alone girl family still shatzky
mr patterson lean across fence reach hand,wore restaurant would people laugh
shape flow,idea amuse teach solve sort arithmetical puzzle whiz
go tonight find lose quarter,use brain
bet well let grandmammy hear talk like,mark would say unlike recitation student announce tide poem
luster put pocket,also continually enrage attention parent insist upon pay health even emerge age sixteen beefy broadshouldered boy compensate uncoordinated ludicrous performance right field foul line take shoot crap fetid washroom corner candy store rode saturday night car full smoking wise guy father search vain whorehouse rumor locate somewhere state new jersey
go soon,see seven year go art institute cousin bob bachelor highschool teacher
sit play jimson weed,cost cut open
luster say,sharon hat father
help across go hill,tenderness enrage
luster say,target sir say smile
want carry letter,turn complicate sort rebellion sharon engage complicate girl
get give without let anybody see,fear loneliness chose wife helpmate cook companion old age certainly lust
floor dry dusty,unfortunate wonder measure man misfortune
want go way,use wonder sonia married second time perhaps involve secret mysterious religious rite deliberately set mortify sound depth spiritual
look along branch,year year ago still infant crib five brother shatzky side gotten together decide change family name business reasons decide shadley
caddy say,year later away rutgers billy parent favor hang cord drapery rod bedroom
aint heard nothing come,still remember charge word takers could lumberjack six section chain rustic innocence bought overcoat cut last year style
wait right,marriage whenever lydia dare criticize question husband judgment would lift massive man twice weight foot heave near wall month follow divorce abuse child six lydia custody lydia broke ketterer take child live subsequently lydia release hospital back apartment refuse return little girl
mother put handkerchief veil,beneficiary one administrative error doom men suddenly pardon happygolucky overnight earmark death
hit queenie whip,oh start talk could bury boredom
know dilsey let something happen quentin go,way nice girl
dont aim stop want tell,would sometimes come back house cry seventeenyearold shoulder visit billy jail serve year day good felt uplift receive end solicitude case sonia child would entertain little shutin hour without complaint
luster say,human right
mr patterson dress caught fence,pretense see
mother say,lydia still breakfast consist morning bowl full kitty litter cover urine slice candle
caddy say,oh time golf ball carom softly flesh seethe however private zuckerman well knew run blood
give say give,father five refuse make improvement
take letter pocket,last year style look like anyway
aint get business yonder,mother thought question raise puzzle cute glad give something think occupy housework could take time play go fish checker father hand dishearten find intrigue fantastic irrelevant detail geography personality intention instead simple beauty arithmetical solution
stall open,two offspring waste child wed disaster difficult understand
one sing,oh nathan make come phone
caddy say,johnny weakness horse hooker
folk hit sho,eight week infantry training follow eight mp school assign clerktypist quartermaster unit fort campbell southwestern corner kentucky sixty mile east paducah eight thousand east land mine
big cow little one stand door could hear prince queenie fancy stomp inside barn,unfortunately author story experienced similar misfortune age even yet midway thirty tell briefly find funny
get white folk,could ever take sharon bass visit miss benson
want fight told,gait particular displeased mannish awkward take kind roll quality try move quickly mind associate image cowhand merchant seaman
bring load money buy booze besides money,though pain would come zuckerman form estrangement mortification fierce unremitting opposition antagonist respectable dean love father dimwitted officer army quartermaster corp oh yes pain would enter life soon enough entirely without invitation
even send wire,life little punishment humiliation betrayal defeat drawn misgiving
carry anything frankie ask,say want look
frankie go little half hour,cockney philadelphia ever heard anyone cabdriver
still jumping could see half mile still throw spout water,beside childhood frailty fever seem version paradise child serve child servant child slave roundtheclock nurse hypochondriacal mother fair game benight father
kept slap back shake head,bresslenstein studio north philadelphia fifteen already sing money wedding sister voluptuous haughty air prima donna little girl still fret boy acne could wind house harem motif mother child taught nun play jerry vale sings italian hit stereo entertain silent parent come sunday visit
sing smoothestlooking thing ever see,early adolescence underwent daily schoolyard humiliation time seem could none bad physical timidity hopelessness sport
quit handle stuff go partyboating broke swordfishing cuba use see lot around dock around café,found taker would say aloud find much feel melancholy idea
use help load plenty time,honey well truth time fifteen bear call zipper king either
spoke waiter shoot say anything,month lydia divorce ketterer ground physical cruelty mother finally manage stroke ready life
wait begin wonder johnson show,irrational guilt sharon zucchini fear punishment buggering daughter right father nose
lot gallegos drinking bar eat,ashamed told go inform daughter become big success
sing frankie say smile,truth put threering circus sharon pretty much bore zuckerman
saw come walk fast shake head,bear see divorce bear judge courtroom heard brute
hell note right,would begin vanity ignorance sure contradiction sting tongue tender hide spiritual aspiration lewd desire softy boyish need manly magisterial ambition
right reasonable eddy told,get one know
black marlin say,fact decide december eighteenth year run away skokie ketterer approach santa claus outside goldblatt say get married
pay even though see,told aunt put hour owe cause
wrong johnson ask,fed clothed monica sixyearold daughter far go
bill big around baseball bat slant grabbed bait slice ocean wide open,dread felt course even great parent surely would awaken one morning murmur heart gasp air one fever hundred fear cause assault upon particularly heartless even teenager left daze frighten year thereafter
fish make difference,next year sunny married father phrase another one wavy black hair manly cleft chin repellent background
start jumping long lope every splash would like speed boat sea,sickly one home suffocate diphtheria subsequent annual respiratory infection debilitate glandular fever mysterious visitation allergies puberty spent much time home bed blanket sofa living room seat classroom make disposition mother mr
troll pretty heavy make big splash wake,sharon protest zuckerman prove anything
hand get tire hold spool reel drag big bait screw drag look,human dignity
chink right talk like englishman dress white suit silk shirt black tie one hundredandtwentyfivedollar panama hat,lydia ketterer divorce woman five year senior mother tenyearold girl live lydia former husband second wife new suburban housing development south chicago
besides get family,good sensible people
reel line first told,leavis matthew arnold breakfast less resemble million upon million american family
knew way usually charge stranger know reasonable,could see mind whatever call get turn
reel say,last saw summer house italian catskills even pink harem pillow living room one scotch plain even grander pepper mill home silver linen towel monogrammed szr sister initial
tell right,anyway ketterer broke door saw handwrite wall mine happier
screw tight,think smart go art museum think give right bos husband pick throw wall
screw drag tight fish struck lift johnson right chair hold,love prick girl wept phone
reel cost two hundred fifty dollar,almost stir crawl across length parent living room night eye level expose member tongue move
know could seem,meant literature even life matter suffer pain
besides drag line would go danger,get married cry wedding happiness hear name vein five tedious year sharon adolescence
say mr,stop thought
hooked fish lose without wake eddy,fail make sale reduce price still far nineteen dollar twenty cent
johnson ask,kwat reply superior concentration would continue swat open door office last found mark
want get give,married ape cousin bob one father use call little grind quite distinguish family come
put ahead machine yell nigger,found taker try another price reduction time sell would pause wish might ask repeat detail
rod cost fortyfive,way sound people
donovan told night little johnson eddy set credit,matter may say sexual desire nothing
pretty fast right knew,sight soninlaw sprain ankle rope around neck suppose move father volunteer pay billy fivethousanddollar debt bookie
plenty sore,knew exactly
nothing say,southern bigot
black bean soup beef stew boil potato fifteen cent,lydia daddy
market fisherman hold tight even harpoon line,go say lydia mild storybook fashion nobody knew neither invalid wife left penniless horrify little child
frankie come board sat wait johnson drank couple cold one ice box frankie,oh genitals go live land mine explode beneath boot return girl like sharon shatzky blank leg
well drink bottle beer told,week woman lay oxygen tent hospital lydia refuse visit
